intent,visible_queries,clicks,impressions,ctr_percent,weighted_position,previous_clicks_for_current_visible_queries
新聞の解答確認,89,332,11169,2.97,6.22,14
初級ゲーム,62,100,10452,0.96,8.23,12
一般ゲーム・要確認,419,191,9684,1.97,8.31,65
解法・手筋,199,330,7871,4.19,7.2,87
超難問ゲーム,35,146,6759,2.16,7.14,52
行き詰まり,31,228,5809,3.92,7.15,18
日替わり,22,94,5538,1.7,7.83,12
知識・定義,86,63,5322,1.18,6.15,28
求解ツール,75,348,5274,6.6,4.74,264
大字・高齢者プリント,23,111,5267,2.11,7.01,5
中級ゲーム,75,75,4772,1.57,9.58,17
問題集を選ぶ,46,76,4629,1.64,7.77,12
変体,71,207,4537,4.56,7.68,42
印刷・PDF,95,125,2173,5.75,6.89,34
競合指名・要確認,22,11,1632,0.67,5.57,3
難問ゲーム,28,5,610,0.82,15.13,0
上級ゲーム,45,21,580,3.62,27.58,7
未分類,89,12,365,3.29,9.06,1
自社指名,1,24,28,85.71,1.0,23
